Name of contributor and date uploaded,Date of event (M/D/YYYY),Source,Citation (MLA),Violation,Summary,Notes,Classification,
Thomas Fendig,3/4/2025,"Trump threatens funding to colleges allowing ""legal protests."" - REUTERS","Reuters. (2025, March 4). Trump threatens funding cut to colleges allowing “illegal protests” | reuters. Reuters. https://www.reuters.com/world/us/trump-says-federal-funding-will-stop-colleges-schools-allowing-illegal-protests-2025-03-04/",Imprisoning/deporting protestors and cutting federal funding to Colleges would appear to violate the first ammendments protections of free speech.,"In a social media post, President Trump threatened to cut federal funding for colleges that allowed ""illegal protests."" Additionally, he threatened to deport/imprison perceived ""agitators."" ",,Unconstitutional,"Note: Please do not follow an agenda, be aware of our resposability with this database. We are looking for violations of rights and democratic blacksliding. If things are achieved throigh democratic means before you put, perhaps, you can ask the class to revise the submission"
Thomas Fendig,,Hesgeth Revokes Mark Milley's Security Detail - REUTERS,"Stewart, Phil, and Idrees Ali. “Trump's Pentagon Lashes Out at Retired General Milley, Yanks Security Detail.” Reuters, 29 Jan. 2025, https://www.reuters.com/world/us/pentagon-pull-milleys-security-clearance-fox-reports-2025-01-28/.","High ranking former military and government officials are normally entitled to security details, especially when facing death threats. In targetting a leading critic, the administration is violating establish democratic norms","Secretary of Defense Pete Hesgeth has revoked former Chairman of the Joint Chiefs Mark Milley's security detail and initiated an investigation into the former general's conduct, arguing that he had violated the chain of command. Following his retirement, Mark Milley had become a prominent Trump critic. The move risks Milley's health and safety, as he has previously faced death threats. ",,Norm Violation,
Thomas Fendig,03/06/2025,"Fearing Retribution, Trump Critics Muzzle Themselves - NYT","Baker, Peter, and Maggie Haberman. ""Trump’s Second Term: A Test for American Democracy."" The New York Times, 6 Mar. 2025, www.nytimes.com/2025/03/06/us/politics/trump-democracy.html.","So far the administration's retribution has fallen within legal grounds. However, the administrations continued silencing and targetting of critics is a vast departure from past democratic precendence and values.  ","During the 2024 campaign and since taking office, Trump has promised retribution and has already begun targetting percieved political enemies--revoking security details and clearances for critics, criticizied republican official who threaten his agenda, and targetted intellectuals. Elon Musk has used his platform X to lambast Republicans who seem to waver on administration priorities and has promised to fund primary challenges for those who vote contrary to the administration's state policy Threats of political violence by Trump supports have targetted critics inside and outside of the Republican party. In the face of this significant pressure, many former or would be critics have gone silent. ",,Norm Violation,"What have we will document: Attack on DEI's policy, immigration and deporations, education, foreign aid, media attacks, FBI, erasure of knowledge, democratic backsliding, judicial changes, private information access, staff purges, dismantle of institutions and individuals rights "
Thomas Fendig,2/25/2025,Trump Takes Aim at Law Firm Aiding Jack Smith - NYT,"Thrush, Glenn, and Charlie Savage. ""Trump Moves to Suspend Security Clearances of Lawyers at DC Law Firm Helping Jack Smith."" The New York Times, 25 Feb. 2025, www.nytimes.com/2025/02/25/us/trump-jack-smith-law-firm-security.html.","The President has control over the issuance of security clearances. However, by targetting the specific clearances of lawyers and firms that represent clients who have previously investigated Trump, the administration has intensified its bid to punish political rivals. ","President Trump signed an Executive Order removing the security clearances from lawyers and Covington and Burling. Convington and Burling is a prominent DC law firm which had employed several high profile lawyers in Democratic administrations. Specifically, Trump revoked the security clearances of lawyers who had offered pro-bono legal advice to Jack Smith, the special counsel who had previously investigated Donald Trump during the Biden administration. Trump has also stripped security clearances of other laywers. Further, the order targetted any contracts with Burlington and Covington, however it is unclear there are any.",,Norm Violation,
Thomas Fendig,3/6/2025,Trump Ramps Up Attacks on Law Firms With Order Targeting Perkins Coie - NYT,"Barrett, Devlin, and Tyler Pager. ""Trump Expands Attacks on Law Firms, Singling Out Paul, Weiss."" The New York Times, 6 Mar. 2025, www.nytimes.com/2025/03/06/us/politics/trump-perkins-coie.html.",This order continues the Trump administration's unprecedented push to target political enemies and is included in a series of events targetting law firms that had represented clients opposed to President Trump. ,President Trump signed an executive order punishing Law Firm Perkins Coie by removing the security clearances of its lawyers and their access to government buildings and officials. Lawyers at Perkins and Coie had investigated the Trump Campaign in 2016,Executive Order later blocked by a district court judge,Unconstitutional,
,2/24/2025,Trump personally decided to limit Associated Press’ access to White House - POLITICO,"Cheney, Kyle. ""Trump Personally Decided to Limit Associated Press’ Access to White House."" Politico, 24 Feb. 2025, www.politico.com/news/2025/02/24/trump-white-house-associated-press-lawsuit-00205723.","The decision to grant White House access has for years been determined by the White House Correspondents asociation and respected the White House. This is a departure from established democratic precedence and represents the targetting of journalists opposed to the Trump administration. Additionally, the AP is alleging that the move blocks constitutional rights to due process and freedom of speech. ","President Trump personally decided to end the AP's White House access, reportedly in response to their decision to continue using the name ""Gulf of Mexico."" The AP has sued Trump administration officials in response. ",Follow up on lawsuits.,Unlawful,
Thomas Fendig,2/26/2025,White House removes liberal outlet from press rotation - POLITICO,"Johansen, Ben. ""White House Removes Liberal Outlet from Press Rotation."" Politico, 26 Feb. 2025, https://www.politico.com/news/2025/02/26/white-house-huffpost-press-pool-00206260",The decision to grant White House access has for years been determined by the White House Correspondents asociation and respected the White House. This is a departure from established democratic precedence and represents the targetting of journalists opposed to the Trump administration.,The White House removed HuffPost from the White House press pool. HuffPost has been categorized as an anti-Trump publication. ,,Norm Violation,
Thomas Fendig,1/27/2025,Justice Dept. Fires Prosecutors Who Worked on Trump Investigations - NYT,"Savage, Charlie. ""Justice Department Firings Target Trump Prosecutors."" The New York Times, 27 Jan. 2025, https://www.nytimes.com/2025/01/27/us/politics/justice-department-firings-trump-jack-smith.html","Firing career employees protected by civil service protections would appear to violate several congressional statutes. The constitutionality of these statutes will face judicial scrutinity as the President continues to challenge them. Through these firings, the administration has targetted specific prosecutors who were tasked with investigating the President and removed them based on loyalty, not merit.","The acting attorney general fired over a dozen criminal prosecutors who worked on the two federal criminal investigations into Donald Trump overseen by special counsel Jack Smith. The prosecutors appear to be career veterans, who may be protected by civil service protections for nonpolitical appointees. The administration argues that Article II of the Constitution grants the President full control over personnel, overrulling civil service protections.",,Unlawful,
Thoms Fendig,3/9/2025,ICE Arrests Columbia Student Who Helped Lead Pro-Palestinian Protests - WSJ,"Otis, Ginger Adams. “DHS Detains Columbia Student Who Helped Lead Pro-Palestinian Protests.” The Wall Street Journal, 10 Mar. 2025, https://www.wsj.com/us-news/dhs-detains-columbia-student-who-helped-lead-pro-palestinian-protests-fbbd8196?st=LGhddm&reflink=desktopwebshare_permalink.","Khalil is a permeaneant resident who appears to have been detained in response to his activism, which may indicate a government crackdown on university activism, which Trump has already threatened in social media posts.","ICE has detained Mahmoud Khalil, a student who led the Columbian pro-Palestinian protests last year. Although he had a student visa and a green card, both had been revoked--in compliance with Trump's Executive Order ""prohibitting anti-semitism."" ",,Unconstitutional,
Thomas Fendig,3/12/2025,"Inside Trump’s Crackdown on Dissent: Obscure Laws, ICE Agents and Fear - NYT","Savage, Charlie, and Alan Feuer. ""Trump's Power Push Raises Fears of a Constitutional Crisis."" The New York Times, 20 Mar. 2025, https://www.nytimes.com/2025/03/20/us/politics/trump-power-courts-crisis.html","The administrations attack on dissenters is unprecedent in American history. Currently, most of his actions are otherwise legal, but go against existing democratic precedence. This includes the granting of security clearances and details. However, the President's ability to fire career government employees may violate US civil service laws and the deportation of Mahmoud Kalil may violate the first ammendment. ","Throughout his campaign and since taking office, Donald Trump has promised retribution. Since the innaguration, he has sought to deport Mahmoud Kalil, a US green-card holder who played a major role in the Columbia student protests. This attempted deportation utilized the Immigration and Nationality Act, which allows the Secretary of State to deport ""any alien"" who poses potential adverse foreign policy consequence--a clause that has only been used once before. In his quest to target dissenters, he has used little-known laws, fired and investigated figures he believes to be disloyal, and revoked security clearances with officials he does not like. ",,Unconstitutional,
Thomas Fendig,1/17/2025,Trump Targets a Growing List of Those He Sees as Disloyal - NYT,"Broadwater, Luke. ""Trump Orders U.S. Diplomats to Scour Student Visa Applicants’ Social Media."" The New York Times, 17 Jan. 2025, https://www.nytimes.com/2025/03/25/us/politics/rubio-immigration-students-ozturk-chung-khalil.html.","These actions taken by Trump represent an unprecedented and deep attack on layers of government and society that have opposed him. Most of the actions listed in the article represent the President operating within his constitutional and lawful authority, however, he has weaponized it against his enemies in a way that does not appear to have occured before in American History. In this endeavor, he has violated significant democratic norms.","President Trump has led an unprecendented push to target those he views as disloyal. Since taking office, the President has revoked the security clearances of lawyers who represented clients thah have opposed him, pulled protective details from former officials who he does not like, revokd security clearances from members of the previous administration, fired independent inspector generals who released reports contrary to his administration's agenda, investigated the prosecutors who refused to drop charges against Eric Adams, attacked opposition journalists, and begun a large scale investigation into the prosecutors who investigated January 6th.",,Norm Violation,
Thomas Fendig,3/15/2025,‘They need to see the institutions experiencing pain’ - POLITICO,"Quilantan, Bianca, and Madina Touré. ""‘They Need to See the Institutions Experiencing Pain’."" Politico, 15 Mar. 2025, https://www.politico.com/news/2025/03/15/colleges-federal-funding-shock-trump-antisemitism-00231160","Higher education is often a form of anti-government dissent. While the current administration's laws appear to fall within legality, a broader crackdown on higher education could weaken civil society capacity to oppose government overreach.","The Trump administration has revoked Columbia University's federal funding, citing concerns over Columbia's pro-Palestinian student protests and the University's alleged inaction towards anti-semitism. Additionally, the Education Department has launched investigations into 60 schools, while the administration's task force on antisemitism plans to visit 10 schools. While the administration bills this as an effort to stop anti-semitism on college campuses, faculty, university officials, and democratic lawmakers worry that this is an attempt to stifle dissent and crack down on higher education",,Norm Violation,
Naomi York,3/19/2025,White House plans to Pause $175 million for Penn over Transgender Policy- NYT,"Savage, Charlie, and Alan Feuer. ""Trump to Pause $175 Million for University of Pennsylvania Over Transgender Policy."" The New York Times, 19 Mar. 2025, https://www.nytimes.com/2025/03/19/us/politics/trump-to-pause-175-million-for-university-of-pennsylvania-over-transgender-policy.html","The Trump Administration has decided to cut funding to Penn an institution which has historically embraced trans athletes (Lia Thomas). This is taking agency away from institutions where, in a democractic society, should have the power to oppose government reach to this extent. It is also taking money away from a place of education, where civil society can learn.","Although the administration has not delineated its specifics in how it will cut funding, Penn said it was “aware of media reports suggesting a suspension of $175 million in federal funding to Penn” but that it had not “received any official notification or any details” from the government.",,Norm Violation,
Naomi York,3/14/2025,"Exectutive order- ""Addressing risks from Paul Weiss"" ","Trump, Donald J. “Addressing Risks from Paul Weiss.” The White House, 14 Mar. 2025, https://www.whitehouse.gov/presidential-actions/2025/03/addressing-risks-from-paul-weiss/.","A cutting of government sponsorship for Paul, Weiss, Rifkind, Wharton & Garrison LLP (Paul Weiss). Continued punishment of political enemies. ","This law firm, in 2021 brought bro bono suits against insurrectionists from January 6, 2021. This law firm also uses DEI to ensure diversity within their staff. This seems to be clear targeting of a law firm that has gone after the Jan. 6ers in the past, along with continuing to exercise DEI after it has been struck down. The order has suspended all security clearances, and granted little official access to federal government buildings. ","Trump Escalates Fight With Big Law Firms, Targeting Paul Weiss - WSJ",Unconstitutional,
"Thomas Fendig, 3/20/2025",3/17/2025,Trump says he’s ending Secret Service protection for Biden’s adult children - AP,"Miller, Zeke, and Michelle L. Price. ""Trump Ends Secret Service Protection for Hunter Biden, Ashley Biden."" Associated Press, 17 Mar. 2025, https://apnews.com/article/hunter-biden-trump-secret-service-ashley-50eba3fcd1ef9d2580fb4bc464d229f6.","Trump ending the secret service protection early is legal and permitted, but violated recent precedent and continues his administrations targetting of percieved political opponents. ","President Trump has revoked the security details for Hunter and Ashley Biden, the children of President Joe Biden. A former President's immediate family is not guaranteed protection after leaving office, but outgoing Presidents are allowed to extend their protections for up to six months. Trump, Biden, Obama, and Bush have all done so. ",,Norm Violation,
Thomas Fendig 3/24/2025,3/22/2025,"With New Decree, Trump Seeks to Cow the Legal Profession - NYT",,This memorandum escalates the Trump administration's retributive campaign toward major law firms. Law firms are a major part of civil society and the administration's efforts appear to weaken civil society's will and capacity to resist the administraitons crackdown. This also represents a further politicization of the Justice System. It appears to violate first Amendment protections and certainly violated established government norms. ,"The Trump administration has issued a memorandum directed the Justice and Homeland Security Departments to “seek sanctions against attorneys and law firms who engage in frivolous, unreasonable and vexatious litigation against the United States” or in matters that come before federal agencies. ",https://www.whitehouse.gov/presidential-actions/2025/03/preventing-abuses-of-the-legal-system-and-the-federal-court/,Unconstitutional,
Thomas Fendig (3/26/2025),3/25/2025,Trump’s Old Grudge Fuels Swipe at a New Law Firm - NYT,"Barrett, Devlin. “Trump Signs Executive Order Targeting New Law Firm, Jenner & Block.” The New York Times, 25 Mar. 2025, www.nytimes.com/2025/03/25/us/politics/trump-executive-order-law-firm-jenner-block.html.",This represents a continuation of the President's campaign against high-profile law firms for their role in employing or assisting President Trump's perceived political enemies. This campaign has restricted the right to counsel for the President's perceived politican enemies and represents an attack on civil society. ,"President Trump signed an Executive Order targetting Jenner and Block, by revoking the law firms security clearances, government contracts, and government access. Jenner and Block had employed Andrew Weissmann following his work for special counsel Robert Mueller during the first Trump Administration. Mueller and Weissman had investigated Trump and the Trump campaign for potential ties to Russia. This continues the President's campaign against high profile law firms.",,Unconstitutional,
Colin Hulett                     3/27/25,3/27/2025,Trump Targets Robert Mueller’s Former Law Firm in Executive Order - WSJ,"Mulvaney, Erin, et al. ""Trump Targets Robert Mueller’s Former Law Firm in Latest Executive Order."" The Wall Street Journal, 27 March. 2025, https://www.wsj.com/politics/trump-targets-robert-muellers-former-law-firm-in-latest-executive-order-96eb9d1b?mod=hp_lead_pos1","President Trump's latest executive order targets WilmerHale, a law firm whose members were involved in investigations against the President. This represents another attack on Trump's perceived enemies.  ","This executive order was signed on March 27th, 2025, and aims to remove WilmerHale’s security clearance, restrict its access to federal buildings, and terminate its government contracts. The executive order cites that this move comes from the firm's ties to Robert Mueller, who served as special counsel during 2017 to uncover Trump’s ties to Russia. The firm cites that it is “pursuing all appropriate remedies to this unlawful order.”",,Unconstitutional,
"Thomas Fendig, 4/1/2025",4/1/2025,Universities Sprint From ‘We Will Not Cower’ to Appeasing Trump - WSJ,"Severns, M. (2025, March 23).  Universities Sprint From ‘We Will Not Cower’ to Appeasing Trump. Wall Street Journal. https://www.wsj.com/us-news/education/universities-trump-lobbyists-funding-washington-a2e5c77a?st=vAGkYm&reflink=desktopwebshare_permalink","This article highlights a lack of resistance among Universities against the Trump administration and shows the impact of the administration's campaign. Universities can often be a source of civil society resistance during times of democratic backsliding or government overreach, but the Trump administration's targeting of higher-education institutions appear to have silenced much of civil society's colleges and universities.","As a result of the Trump administration's targetted campaign against higher education institutions, colleges, and universities have mostly abandoned their attempts to resist and have attempted to appease the administration. Columbia University has agreed to a long list of conditions with the administration in an attempt to retain federal funding, while multiple schools, including Stanford, Duke, Wake Forest, Harvard, and Vanderbilt, have hired high-ranking former Republicans lawmakers or advisors as lobbyists. Meanwhile, Republicans are continuing their push against education institutions, as lawmakers propose taxes on endowments or loan repayment programs. ",,Norms Violation,
"Thomas Fendig, 4/2/2025",4/2/2025,Nobel Laureate and Ex-Leader of Costa Rica Says U.S. Revoked His Visa - NYT,"""Former Costa Rican President, a Trump Critic, Says U.S. Revoked His Visa."" Axios, 2 Apr. 2025, www.axios.com/2025/04/02/former-costa-rica-president-visa-revoked-oscar-arias.","Since Óscar Arias does not reside within the United States, free speech protections may not apply to him under the constitution. However, revoking the visa of a former foreign government official for criticizing government policy or action would depart from the established democratic norms regarding speech and expression in the United States,","The State Department has revoked the visa of former Costa Rican President Óscar Arias Sánchez. It is unclear why his visa was revoked, but Mr. Arias had recently criticized the Trump administration on social media, comparing Trump to a ""Roman emperor."" The State Department has begun revoking visas for individuals they deem hostile ""towards US citizens or US culture (including government, institutions, or founding principles."" ",,Norm Violation,
"Stephanie Lopez, 4/3/2025",3/7/2025,Columbia University: Trump Administration cancels $400 in grants and contracts with Columbia University,"""Trump Administration Cancels $400 Million in Grants and Contracts to Columbia University."" CNN, 7 Mar. 2025, www.cnn.com/2025/03/07/us/columbia-university-grants-canceled-trump/index.html.","Columbia University has become Trump's first target to cut federal money to colleges accused of tolerating antisemitism during the Israel-Hamas war. This is a norm violation, as many students rely on this money to further their studies. His administration cannot withhold enacted federal funding. It is an arbitrarily harmful action that undermines the established legal processes and further threatens academic research. ","The Trump Administration canceled $400 million from Columbia University, this includes federal grants and contracts because they describe the university as failing to suppress antisemitism on campus. They claim that universities ""must comply with all federal antidiscrimination laws if they are going to receive federal funding"". ",,Norm Violation,
Thomas Fendig (4/3/2025),4/3/2025,Trump Administration Threatens to Withhold Funds From Public Schools - NYT,"Bender, M. C. (2025, April 3). Trump administration threatens to withhold funds from public schools. The New York Times. https://www.nytimes.com/2025/04/03/us/politics/public-school-funding-trump-dei.html?smid=url-share"," The targetting of public schools for their diversity and equity policies could continue a crackdown on education, which is integral to civil society. However, it is unclear if the administration violated any norms, laws, or constitutional provisions in their memo. ","The Trump Administration has threatened to revoke Title 1 funding for public schools who fail to verify the elimination of diversity, equity, and inclusion policies. Title 1 funding is given to schools with a high-percentage of low-income students. ",,Social Contradiction,
Thomas Fendig (4/7/2025),4/1/2025,Trump Pauses Dozens of Federal Grants to Princeton - NYT,"Blinder, A., & Hartocollis, A. (2025, April 1). Trump pauses dozens of federal grants to Princeton. The New York Times. https://www.nytimes.com/2025/04/01/us/trump-federal-grants-princeton.html?smid=url-share","Pausing federal funding from Princeton University continues the administration's unprecedented push against Ivy League Universities. While the administration claims they are targetting the University's over anti-semitism on campus, the funding pause undermines academic freedom, which is an important part of civil society capacity and will. This unprecedented attaclk on academic freedom represents a norm-violation","The Trump Administration has paused several dozen grants to Princeton University. While Princeton had received a letter from the Department of Education that warned against ""potential enforcement action,"" Princeton did not receive the same scrutiny as other Ivy League Universities. Princetom is the fourth Ivy League to see funding revoked, after Columbia, UPenn, and Harvard. ",,Norm Violation,
"Tali Levine, 4/14/25",4/14/25,Trump freezes $2bn in Harvard funding after university rejects demands,"Drenon, Brandon. “Trump Freezes $2bn in Harvard Funds after It Rejects Demands.” BBC News, BBC, 14 Apr. 2025, www.bbc.com/news/articles/cz01y9gkdm3o. ","The government's demands violate Harvard’s First Amendment rights, exceed the statutory limits of the government’s authority under federal civil rights law, and threaten the private institution’s values. ","The Trump administration has said it is freezing more than 2 billion dollars in federal funds for Harvard University, hours after the elite college rejected a list of demands from the White House.",,Norm Violation,
Sofie Quirk,4/18/2025,Noem (DHS Secretary) threatens Harvard’s ability to enroll international students- POLITICO,"Friedman, Amanda. “Noem Threatens Harvard’s Ability to Enroll International Students - Politico.” POLITICO, 17 Apr. 2025, www.politico.com/news/2025/04/17/trump-administration-punish-harvard-00295445. Accessed 18 Apr. 2025.","The government's continued threats against Harvard violate their first right to free speech and legal right to admit any students they view as elligible. As it stands, approximately 27.2% of Harvard students are international. ","The Trump administration, specifically DHS Secretary Kristi Noem, have threatened to remove Harvard's Student and Exchange Visitor Program (SEVP) certification. With the ""immediate removal"" of their SEVP certification, all 6793 international students at Harvard would be stripped of their legally obtained student visas, making them elligible for deportation. ","international student data obtained from “International Students at Harvard: One Harvard, One World.” One Harvard One World, oneworld.worldwide.harvard.edu/international-students-at-harvard/. Accessed 18 Apr. 2025. ",Norm Violation,
Thomas Fendig 4/11/2025,4/11/2025,Five More Big Law Firms Reach Deals With Trump - NYT,"Goldstein, Matthew. ""Five More Big Law Firms Reach Deals With Trump."" The New York Times, 11 Apr. 2025, www.nytimes.com/2025/04/11/business/trump-law-firms-kirkland-ellis-latham-watkins.html.","This article shows the Trump Administration's continued targeting of major law firms and the different strategies those law firms have taken in response. The Trump administration's pressure campaign against law firms appears to violate the constitutional right to legal representation and represents an unprecedented crackdown on civil society dissent. The article highlights some firms' decisions to negotiate and strike deals with law firms, while others have filed lawsuits. ","Five majors law firms; Kirkland & Ellis, Latham and Watkins, A&O Shearman; Simpson Thacher & Bartlett; and Wickersham & Taft; have agreed to deals with the Trump administration to provide a total of 600 million dollars worth of pro bono legal work for the administration. After these talks, major law firms have agreed to provide a combined $940 million of free legal work for the Trump Administration. Some law firms are taking matters to court, and Judges have temporarily stayed the orders against Perkins Coie, WilmerHale, and Jenner & Block. Another firm, Susan Godfrey, has also filed suit. ",,Unconstitutional,
"Tali Levine, 4/21/25",4/13/25,President Trump says CBS and ’60 Minutes’ should ‘pay a big price’ for going after him,"Bauder, David. “President Trump Says CBS and ‘60 Minutes’ Should ‘Pay a Big Price’ for Going after Him.” AP News, AP News, 14 Apr. 2025, apnews.com/article/trump-cbs-60-minutes-2c8a32df63f3ec50cfffe94a26436fda. ","The government is not supposed to punish news organizations for reporting stories, even if they are critical. Trump's actions went against this principle by trying to silence criticism through government power.","After ‘60 Minutes’ broadcast segments on Ukraine and Greenland, Trump called for CBS to lose its broadcasting license, baselessly referring to the news program as “a dishonest Political Operative” and urging FCC chairman Brendan Carr to “impose the maximum fines and punishment” for the network’s “unlawful and illegal behavior.”",,Norm Violation,
"Tali Levine, 4/21/25",4/14/25,https://www.whitehouse.gov/articles/2025/04/the-npr-pbs-grift-has-ripped-us-off-for-too-long/,"“The NPR, PBS Grift Has Ripped Us off for Too Long.” The White House, The United States Government, 15 Apr. 2025, www.whitehouse.gov/articles/2025/04/the-npr-pbs-grift-has-ripped-us-off-for-too-long/. ","Criticizing these programs as “radical, woke propaganda” undermines the democratic values of free speech and a free press, which are supposed to be protected and upheld by the government.","The White House website published an article titled “The NPR, PBS Grift Has Ripped Us Off for Too Long.” The article accused the public broadcasters of spreading “radical, woke propaganda disguised as ‘news.’” Among the “examples” of so-called propaganda the article referenced were a 2024 documentary about reparations, a 2020 Sesame Street town hall on CNN titled “Coming Together: Standing Up To Racism,” and a 2020 podcast on fat-phobia and its racist past.",,Norm Violation,
"Tali Levine, 4/21/25",4/25/25,Justice Dept. Policy Now Allows Pursuit of Reporters’ Records in Leak Inquiries - NYT,"Barrett, Devlin and Thrush, Glenn. ""Justice Dept. Policy Now Allows Pursuit of Reporters’ Records in Leak Inquiries"" The New York Times, 25 Apr. 2025. https://www.nytimes.com/2025/04/25/us/politics/leak-investigations-media.html?smid=url-share ","This policy change strips reporters of previous protections from efforts to identify and prosecute leakers. This new, harsher than previously implement, policy undermines journalistic freedom and represent a violation of democratic norms.","A new Justice Department policy said federal prosecutors “will continue to employ procedural protections to limit the use of compulsory legal process to obtain information from or records of members of the news media.” Previously, protections included requiring senior-level Justice Department approvals before seeking court orders for such information. The memo did not include those protections.",,Norm Violation,
,4/25/2025,‘Vaguely Threatening’: Federal Prosecutor Queries Leading Medical Journal,"Rosenbluth, Teddy. ““Vaguely Threatening”: Federal Prosecutor Queries Leading Medical Journal.” The New York Times, 25 Apr. 2025, www.nytimes.com/2025/04/25/health/nejm-prosecutor-letter.html.

‌","Scientific publication, just like any publication, is protected speech. Targeting journals for publishing certain views is government overreach and censorship. ","A federal prosecutor appointed by the Trump administration sent accusatory letters to the New England Journal of Medicine, questioning their editorial bias and independence. The New England Journal of Medicine is considered the most prestigious medical review in the world. The letters were described by NEJM's editor-in-chief as ""threatening,"" and an attempt to intimidate these journals into publishing topics in science that is aligned with Trump administration's views and agenda, like on vaccines, climate change, and diet. Importantly, the NEJM condemned Trump's response to COVID in 2020, though it is insufficient to declare this editorial with today's letter as linked. ",,Norm Violation,
,5/22/2025,Trump Administration Says It Is Halting Harvard’s Ability to Enroll International Students - NYT,"Schmidt, Michael S., and Michael C. Bender. ""Trump Administration Blocks Harvard from Enrolling Foreign Students."" The New York Times, 22 May 2025, https://www.nytimes.com/2025/05/22/us/politics/trump-harvard-international-students.html. Accessed 22 May 2025.",This continues the Trump administration's efforts to punish higher education institutions after Harvard resisted a set of demands by the Trump administration. The efforts are part of the Administration's crackdown on academic independence and a violation of establish democratic norms.,"The Trump administration has halted Harvard's ability to enroll international students. This continues the administration's efforts to pressure Harvard to acquiesce to their demands. Kristi Noem, the Secretary of Homeland Security, revoked Harvard's Student and Exchange Visitor Program certification. International students make up 27% of the student population and are a crucial funding source for the university",,Norm Violation,
,5/20/2025,Rep. McIver Charged With Assault Over Clash Outside Newark ICE Center - NYT,"Ferré-Sadurní, Luis. ""Rep. McIver Charged With Assault Over Clash Outside Newark ICE Center."" The New York Times, 19 May 2025, https://www.nytimes.com/2025/05/19/nyregion/new-jersey-congress-ice-charges.html. Accessed 20 May 2025.","Although unclear, the indictment of a sitting Democratic Representative may be an effort to punish dissent and opposition. ",The Department of Justice has charged Democratic Representative LaMonica McIver with assaulting federal agents outside a Newark immigration detention center. The government argues that the Representative instigated a clash with ICE Agents. Both sides have released video footage contesting the other's side. McIver visited the detention center on May 9th with two other lawmakers. ,,Norm Violation,
,5/22/2025,All the Actions the Trump Administration Has Taken Against Harvard - NYT,"Bender, Micheal C. ""All the Actions the Trump Administration Has Taken Against Harvard."" The New York Times, 22 May 2025. https://www.nytimes.com/2025/05/22/us/politics/harvard-university-trump.html?smid=url-share Accessed 28 May 2025. ","Harvard is one of the few academic institutions to resist the pressure campaign by the Trump administration. Through their campaign, the Trump administration is targeting dissent, diversity efforts, and independence among Harvard and academia. Academic institutions, especially higher education, are active and integral parts of civil society. If successful in silencing Harvard, the administration would see a major victory against civil society will and capacity.","President Trump and his administration have launched a massive pressure campaign against Harvard since the school resisted their demands regarding admissions, curriculum, and hiring. The campaign involves eight investigations over six agencies, revoking nearly 4 billion dollars in funding. The administration has targeted higher education, especially elite or Ivy League institutions, to diminish academia's perceived left-wing bias. This article details the actions the administration has taken against Harvard. ",,Norm Violation,
,06/07/2025,Trump Is Calling Up National Guard Troops Under a Rarely Used Law - NYT,"Hubler, Shawn & Rosenhall, Laurel. ""Trump Is Calling Up National Guard Under a Rarely Used Law."" The New York Times. 7 June 2025. https://www.nytimes.com/2025/06/07/us/trump-national-guard-deploy-rare.html","The federal deployment of the National Guard has not occurred since 1965. The unprecedented domestic military deployment threatens to politicize the military in a battle over dissent. The politicization of the military would expand Presidential control over a traditionally apolitical body, which he could use for domestic law enforcement, as it appears he is doing here. This would represent a major breakdown of democratic norms and the deployment represents an attack on civil society's ability to dissent. ","President Trump has mobilized the California National Guard to quell anti-ICE protests in California, without request from California Governor Gavin Newsom. The administration did so under ""10 U.S.C. 12460,"" which allows the federal deployment of the National Guard when there is a rebellion or a danger of a rebellion in the United States."" The national guard has not been deployed federally since 1965, when President Lyndon B. Johnson sent troops to Alabama to protect civil rights demonstrators in 1965. The administration argues that demonstrators were endangering ICE officers and preventing them from carrying out their duties. The protests had been unruly, but the LA police did not request additional support. California has sued the administration.",,Norm Violation,
,06/09/2025,US deploys Marines to Los Angeles as police break up fourth day of protests - Reuters,"Hesson, Ted. ""US Deploys Marines to Los Angeles as Police Break Up Fourth Day of Protests."" Reuters, 9 June 2025, https://www.reuters.com/world/us/los-angeles-police-order-immigration-protesters-downtown-go-home-2025-06-09/. Accessed 9 June 2025.","Domestic military deployment for policing has not occurred since 1992, when 50 people were killed and the Governor requested support. The administration's deployment of the Marines threatens to politicize the military and suppress dissent.  The military's apolitical nature is an established norm that prevents it from being used to punish dissenters and suppress the population. The right to protest is a constitutional right that supports American democracy.","The US military has temporarily deployed approximately 700 Marines to Los Angeles until more National Guard troops arrive. It follows the President's deployment of the National Guard in response to large California protests regarding immigration raids. US Marines have been deployed domestically before, in the wake of 9/11, but are rarely used for domestic policing. The protests had resulted in property damage and a few dozen arrests. Five officers sustained minor injuries. Some in the crowd had punched and thrown eggs at a Trump supporter. California had not requested support. In 1992, George H.W. Bush deployed the military under the Insurrection Act, at the request of the Governor when 50 people were killed in demonstrations. ",,Norm Violation,
,04/09/2025, Trump orders investigation of two first-term administration aides who criticized him - Politico,"Cancryn, Adam et. al. “Trump Orders Investigation of Two Former Aides for Criticizing Him.” Politico, 9 Apr. 2025, https://www.politico.com/news/2025/04/09/donald-trump-retribution-miles-taylor-00007512. Accessed 14 June 2025.",The use of a Presidential Memorandum to order a Justice Department investigation erodes the DOJ's longheld independence in pursuit of retribution against the President's political enemies. The DOJ's independence has been a norm since Watergate. ,"On April 9, 2025, President Trump signed a memorandum ordering the Department of Justice and Homeland Security to investigate Miles Taylor (former DHS chief of staff) and Christopher Krebs (former CISA director) over their criticism of Trump—Taylor’s 2018 NYT “Anonymous” op-ed and Krebs’ public rebuttal of 2020 election fraud claims. Taylor has responded by filing complaints with the inspectors general, arguing that the action violates First and Fifth Amendment rights and establishes a dangerous precedent for political retribution.",,Norm Violation,
,06/27/2025,University of Virginia President Resigns Under Pressure From Trump Administration - NYT,"Schmidt, Michael S., and Bender, Michael C. ""University of Virginia President Resigns Under Pressure From Trump Administration."" The New York Times, 27 June 2025. https://www.nytimes.com/2025/06/27/us/politics/uva-president-resigns-jim-ryan-trump.html","The resignation of a college President under pressure from the President of the United States undermines academic independence, a core ideal of active civil society and democracy. ","The University of Virginia President James Ryan resigned under pressure from the Trump administration. The Justice Department had demanded he resign as a condition to settle a civil rights investigation into the school's diversity practices. 10 days before the resignation, the Department of Justice had sent a letter to the University issuing a warning to the school over their ""widespread practice"" of race-based consideration in admissions and other student benefits. James Ryan is the first University President to resign after pressured by the Trump administration. ",,Norm Violation,
,07/09/2025,Administration Takes Steps to Target 2 Officials Who Investigated Trump - NYT,"Thrush, Glenn, and Barnes, Julian. ""Administration Takes Steps to Target 2 Officials Who Investigated Trump."" The New York Times, 9 July 2025. https://www.nytimes.com/2025/07/09/us/politics/ratcliffe-brennan-cia.html?smid=url-share",The investigation and criminal referral of high-profile Trump critics on questionable legal grounds would appear to be a targeted effort to punish political opponents and scare dissenters.  ,"The Trump administration is targeting former FBI Director James Comey and former CIA Director John Brennan, who both had major roles in the 2016 Trump-Russia collusion investigation. CIA Director John Ratcliffe has made a criminal referral of Brennan to the FBI, accusing him of lying to Congress. It is unclear if the investigation will lead to charges.",,Norm Violation,
,07/09/2025,"Trump officials used shadowy website to target pro-Palestinian academics for deportation, court records show - Politico","Gerstein, Josh, and Cheney, Kyle. ""Trump officials used shadowy website to target pro-Palestinian academics for deportation, court records show."" Politico, 9 July 2025. https://www.politico.com/news/2025/07/09/pro-palestinian-deportation-documents-trial-00445238 ","The push to deport academics based on their political ideology undermines the important principles of academic freedom and the constitutional right to freedom of speech.  However, the President has broad immigration powers, so for now this is classified as a norm violation. ","The Trump administration has identified pro-Palestinian academics to target for deportation, assembling a team of intelligence analysts that compiled dossiers on about 100 foreign students and professors. Over 75 of those targeted were targeted through an anonymously-run pro-Israel site, Canary Mission. ",,Norm Violation,
,7/21/2025,How Trump’s media war brought Paramount to its knees - WaPo,"Ellison, Sarah, and Barr, Jeremy. ""How Trump’s media war brought Paramount to its knees."" The Washington Post, 2 July 2025. https://wapo.st/4f7bmO2","The Trump Administration's attacks on journalists and news companies undermine the press's independence. While previous administrations have often argued with the media, none have launched such a retributive campaign. An independent press is an integral part of civil society.  ","Donald Trump and Paramount have agreed to a $16 million settlement over allegations by the President's 2024 campaign that CBS had deceptively edited an interview with Kamala Harris to benefit her campaign. 60 Minutes had edited the Vice President's response to a question, selecting a more concise answer. While the Washington Post writes that such decisions are common to fit longer interviews into a 20-minute spot, President Trump saw an effort to influence the election. CBS News President Wendy McMahon resigned in May. ",,Norm Violation,
,7/22/2025,"Trump’s Student Arrests, and the Lawsuit Fighting Them, Tread New Ground - NYT","Montague, Zach. ""Trump’s Student Arrests, and the Lawsuit Fighting Them, Tread New Ground."" The New York Times, 22 July 2025. https://www.nytimes.com/2025/07/22/us/politics/trump-student-arrests-immigration-trial.html Accessed 24 July 2025. ","The administration's unprecedented efforts to deport dissenting noncitizen student activists show a clear disregard for democratic norms regarding academic independence. Additionally, they appear to violate constitutional protections on free speech. ","During a trial in Boston over the administration's efforts to deport student activists, four veteran immigration agents testified that they could not remember ever being asked to make arrests like the ones they carried out on student activists. They said they acted on the orders to Secretary of State Marco Rubio's office. This testimony underscores the lack of legal precedent in President Trump's push to detain and deport noncitizen student activists. ",,Unconstitutional,
,7/22/2025,Trump Escalates Attacks on Obama and Clinton as Questions Swirl About Epstein - NYT,"Broadwater, Luke, and Barnes, Julian. ""Trump Escalates Attacks on Obama and Clinton as Questions Swirl About Epstein."" The New York Times, 22 July 2025. https://www.nytimes.com/2025/07/22/us/politics/trump-obama-clinton-epstein-treason.html Accesssed 24 July 2025. ","The report and Trump's words shows a campaign of retribution against former government officials who, during the Obama administration, found that Russia was engaged in an effort to influence voters to support Donald Trump during the 2016 election. President Obama and the other officials whom Trump named have been prominent critics of the Trump presidency. A campaign of retribution against political enemies shows an administration willing to exert federal authority to target political dissenters. ","After Director of National Intelligence Tulsi Gabbard released a report intended to undermine an eight-year-old assessment that Russia favored President Trump's election in 2016, Donald Trump told reporters, ""It's time to go after people."" The report claimed ""a treasonous conspiracy"" by top Obama officials. The Obama administration had contended that Russia mounted a major effort to influence votes, but did not contend the Russians had manipulated votes. The remarks follow significant backlash over the Administration's actions regarding Jefferey Epstein. ",https://www.nytimes.com/2025/07/18/us/politics/gabbard-obama-trump-russia.html?smid=url-share,Norm Violation,
,8/22/2025,FBI searches ex-national security adviser John Bolton’s house in Maryland - Politico,"Gerstein, Joth et. al. ""FBI searches ex-national security adviser John Bolton's house in Maryland."" Politico, 22 August, 2024. https://www.politico.com/news/2025/08/22/fbi-searches-ex-national-security-adviser-john-boltons-house-in-maryland-00519388 ",The Trump administration has shown a focus on retribution against top Trump critics. The investigation into John Bolton appears to be a continuation of the administration's retributive campaign. ,"FBI Agents searched the home of former National Security Advisor John Bolton. Bolton served during Trump's first term, but has become a major critic since his tenure. Vice-President Vance confirmed an investigation, but maintained that it was not politically motivated. The first Trump administration had investigated Bolton before over classified information handling, but never filed charges. ",,Norm Violation,
,9/6/2025,What Has the Trump Administration Gotten From Law Firms and Universities? - NYT,"Wu, Ashley. ""What Has the Trump Administration Gotten From Law Firms and Universities?."" The New York Times, 6 September 2025. https://www.nytimes.com/interactive/2025/09/06/us/trump-deals-law-firms-universities-concessions.html","These settlements have eroded civil society's independence and reduced its ability to resist democratic backsliding and authoritarian consolidation. The Trump administrations unprecedented pressure campaign certainly violated democratic norms, but some judges have found it to violate the Constitution. ","Since taking office, President Trump has opened civil rights investigations, freezed funding, and threatened to cancel government contracts for and with law firms and universities. Many of these institutions have opted to settle with the administration, offering money or legal services, redefined discrimination, increased government oversight, and reassessed their ideology. ",,Unconstitutional,
,9/20/2025,Trump demands Bondi prosecute political foes in Truth Social posts - WaPo,"Roebuck, Jeremy, et. al. ""Trump demands Bondi prosecute political foes in Truth Social posts."" The Washington Post, 20 September 2025. https://www.washingtonpost.com/national-security/2025/09/20/replacement-named-va-prosecutor-ousted-over-probes-trump-foes/",The posts demonstrate an unprecedented effort to prosecute President Trump's political enemies. Efforts to prosecute or target political enemies simply because of their political statements and ideology would certainly violate the 1st Amendment. ,"In a series of Truth Social Posts, President Trump pressured Attorney General Pam Bondi to prosecute multiple political opponents, including NY AG Letitia James, former FBI Director James Comey, and CA Sen. Adam Schiff. Comey and James had previously been investigated by Trump's DOJ but ultimately not charged. ",,Unconstitutional,
,9/28/2025,Oregon sues Trump administration over plans to deploy troops - BBC,"Yousif, Nadine. ""Oregon sues Trump administration over plans to deploy troops."" BBC, 28 September 2025. https://www.bbc.com/news/articles/cddmn6ge6e2o",Trump's deployed the national guard in response to anti-ICE protests. The use of federal troops to intimidate and suppress protests would violate democratic norms regarding the military's role in domestic law enforcement and political actions. ,"President Donald Trump has ordered the deployment of 200 National Guard troops to Portland, Oregon, for two months to protect federal property amid ongoing protests near immigration detention centers. The move has prompted Oregon to sue the Trump administration, calling the deployment unlawful and likely to provoke unrest. The decision follows Trump’s recent designation of Antifa as a domestic terrorist organization",,Norm Violation,
,9/25/2025,James Comey Indicted on False Statement Charges - WSJ,"Gurman, Sadie, and Wheeler, Lydia. ""James Comey Indicted on False Statement Charges."" The Wall Street Journal, 25 September 2025.  https://www.wsj.com/us-news/law/james-comey-indicted-on-false-statement-charges-2c896df2?mod=hp_lead_pos1","The indictment seeks to punish Comey for his opposition to President Trump, which violates Constitutional rights regarding free speech and equal protection. The indictment was brought following Trump's public message to Attorney General Pam Bondi, calling for the prosecution. Additionally, former District Attorney Erik Siebert had refused to bring the case, leading to his ouster. ","A federal grand jury indicted James Comey on charges of making false statements and perjury. The indictment, which came days before the statute of limitations was set to expire, follows pressure from President Trump. The indictment accuses Comey of lying to Congress regarding whether he authorized someone at the FBI to be an anonymous source in news reports. The prosecutor, Lindsay Halligan, was appointed by Trump after Erik Siebert resigned. Siebert had decided against bring charges related to Comey. ",,Unconstitutional,
,9/26/2025," Cheering Comey indictment, Trump predicts ‘there will be others’ - Politico","Stokols, Eli. ""Cheering Comey indictment, Trump predicts ‘there will be others’."" Politico, 26 September 2025. https://www.politico.com/news/2025/09/26/cheering-comey-indictment-trump-predicts-there-will-be-others-00582321","Trump's statement previews his hopes regarding the prosecution of his political enemies. Although he argues he did not pressure the DOJ, the indictment followed a Truth Social post targeted at Pam Bondi that called for the prosecution of several prominent critics and said, ""We cannot delay any longer."" Trump's public comments regarding his hopes for future indictments pressures the Justice Department, violating its longheld independence. ","President Trump, talking to the media, celebrated former FBI Director James Comey's indictment and said, ""I hope there will be others."" He also denied that he had pressured the DOJ to bring the charges, arguing that it is about justice, not revenge.  ",,Norm Violation,
,10/1/2025, Government agencies are blaming the shutdown on Democrats. Ethics experts say it could be against the law. - Politico,"Wardwell, Faith. ""Government agencies are blaming the shutdown on Democrats. Ethics experts say it could be against the law."" Politico, 1 October 2025. https://www.politico.com/news/2025/10/01/shutdown-agencies-hatch-act-00590757 ","The actions appear to violate the Anti-Lobbying Act and Hatch Act. These are efforts to use government goods and services to electorally punish political enemies, such as Democratic legislators. ","Agencies through the federal government are using banners and out-of-office emails to explicitly blame Democrats for the shutdown. On the Department of Housing and Urban Development's website, a banner read ""The radical left are going to shut down the government."" A handful of other agencies had similar messages. The Anti-Lobbying Act prohibits the use of appropriate funds to lobby in support or opposition to congressional legislation, and the Hatch Act limits the poltiical activities of federal employees who work with federal funded programs. ",,Unlawful,
,10/4/2025,Trump Seizes On Shutdown to Punish Political Foes - NYT,"Romm, Tony. ""Trump Seizes On Shutdown to Punish Political Foes."" New York Times, 4 October 2025. https://www.nytimes.com/2025/10/04/us/politics/trump-shutdown-punish-foes.html?login=smartlock&auth=login-smartlock","The Trump administration is using the shutdown to punish and gain leverage on the opposition party. Additionally, cancelling congressionally authorized funds may violate the appropriations power granted to Congress. The pressure campaign is an unprecedented effort to target political foes. ","Since the shutdown began, the Trump Administration has cancelled or delayed more than $27 billion to federal states, most of them run by Democrats. The Administration maintains that they are attempting to save money and prevent waste. However, President Trump has publicly suggest cuts for ""Democratic agencies."" Many of the states and municipalites have sued in response.",,Norm Violation,
,10/9/2025,New York Attorney General Letitia James Is Charged With Bank Fraud - WSJ,"Gurman, Sadie, et. al. ""New York Attorney General Letitia James Is Charged With Bank Fraud."" Wall Street Journal, 9 October 2025. https://www.wsj.com/politics/justice-department-secures-indictment-of-new-york-attorney-general-letitia-james-0cc2ce4f?mod=law_more_article_pos1","As New York Attorney General, Letitia James filed a civil fraud case against the Trumps and the Trump Organization. Eastern Virginia's previous attorney, Erik Siebert, had resigned under pressure after refusing to bring charges against former FBI Director James Comey and Letitia James. The prosecutions appear to be politically motivated and exemplify the President's campaign of retribution. ","NY Attorney General Letitia James has been indicted on counts of bank fraud and making false statements to financial institutions. The case was presented by Lindsay Halligan, Trump's former personal lawyer, whom the President appointed as the US Attorney in Eastern Virginia after Erik Siebert's resignation. The charges pertain to James' purchase of a three-bedroom home in Norfolk, Virginia. ",,Norm Violation,
,9/17/2025,Trump says he’ll designate antifa as a terrorist group but offers few details - AP,"Min Kim, Seung. ""Trump says he’ll designate antifa as a terrorist group but offers few details."" The Associated Press, 17 September 2025. https://apnews.com/article/trump-antifa-terrorist-protests-0c6353e2c3da13da1596b3857cb59922","Antifa is an ideology, not a terrorist organization, that has opposed many of the President's actions and policies. This action targets a broad-base of vocal Trump critics, which is relevant to understand how the Trump administration treats political opponents. ","President Trump designated ANTIFA as a domestic as a domestic terrorist group, without offering more details. Antifa is an umbrella term for far-left militant groups in the United States. ",,Norm Violation,
,10/17/2025,How Trump Is Using the Justice Department to Target His Enemies - NYT,"Feuer, Alan, and Boyce, Lily. ""How Trump Is Using the Justice Department to Target His Enemies."" The New York Times, 17 October 2025. ",The DOJ prosecutions and investigations are part of the Trump administration's retribution campaign against former political enemies of Donald Trump. These prosecutions harm protected speech and weaken civil society's capacity to prevent democratic backsliding.,"The DOJ has indicted James Comey and Letitia James and is investigating Adam Schiff. It has otherwise targeted John Brennan, Fani Willis, and the Open Society Foundation. These are all perceived political opponents or dissenters of Donald Trump. ",,,
,11/21/2025,Trump says 'seditious' Democrats urging US troops to refuse illegal orders should face death - Reuters,"Chicau, Doina, et. al. ""Trump says 'seditious' Democrats urging US troops to refuse illegal orders should face death."" Reuters, 21 November 2025. https://www.reuters.com/world/us/trump-says-democrats-who-told-us-military-refuse-illegal-orders-deserve-death-2025-11-20/","Calling for the execution of political opponents certainly violates established democratic norms regarding respect for political speech. Carrying out prosecutions and executions would likely violate the Constitution's freedom of speech protections, not to mention that sedition is not punishable by death for US civilians. ","After six Democrats released a video telling US military members to refuse illegal orders, President Trump called the video ""SEDITIOUS BEHAVIOR, punishable by DEATH!""",,Norm Violation,
,11/25/2025,Pentagon Investigates Misconduct Allegations Against Democratic Sen. Mark Kelly - WSJ,"De Avila, Joseph. ""Pentagon Investigates Misconduct Allegations Against Democratic Sen. Mark Kelly."" The Wall Street Journal, 25 November 2025. https://www.wsj.com/politics/mark-kelly-senator-pentagon-probe-10060a16?mod=hp_lead_pos4",The investigation appears to be an attempt to punish a Democratic lawmaker over lawful comments that contradict the Trump administration's policy. This could harm civil society's will and capacity to resist authoritarian consolidation. ,"The Pentagon announced an investigation into Democratic Senator Mark Kelly, a former US Navy Captain, regarding his video urging troops to disobey unlawful orders. The Pentagon referenced court-martial or other administrative measures. ",,Norm Violation,
,1/5/2026, Pentagon moves to punish senator for anti-Trump video - Politico,"Shane III, Leo, and Connor O'Brien. ""Pentagon moves to punish senator for anti-Trump video."" Politico, 5 January 2026. https://www.politico.com/news/2026/01/05/hegseth-kelly-punish-video-00710555",The action appears to target a Democratic Senator for lawful comments reminding service members to refuse unlawful orders.  ,"The Pentagon is moving to demote and reduce the pay of US. Senator Mark Kelly. Kelly, a Democrat, appeared in a video directing US servicemembers to refuse illegal orders. ",,Norm Violation,
,1/11/2026,"DOJ opens probe into Fed’s Powell, drawing backlash from lawmakers - Politico","Guida, Victoria, et. al. ""DOJ opens probe into Fed’s Powell, drawing backlash from lawmakers."" Politico, 11 December 2026. https://www.politico.com/news/2026/01/11/doj-probe-fed-powell-statements-headquarters-00721679 ",The investigation represents an effort to punish Fed Chair Jerome Powell over his efforts to separate Fed policy from the desires of President Trump. ,The Justice Department has opened a criminal investigation into Federal Reserve Chair Jerome Powell. The investigation centers on Powell's comments to Congress regarding the renovation of the Fed's headquarters. Powell criticized the investigation. President Trump has long criticized Powell and express his desire to fire him. ,,Norm Violation,
,1/14/2026,Senator Says Prosecutors Are Investigating Her After Video About Illegal Orders - NYT,"Jaffe, Greg. ""Senator Says Prosecutors Are Investigating Her After Video About Illegal Orders."" The New York Times, 14 January 2025. https://www.nytimes.com/2026/01/13/us/politics/slotkin-pirro-trump-justice-dept-video.html",The prosecution is part of an unprecedent attempt to punish political adversaries. ,"Democratic Senator Elissa Slotkin said that federal prosecutors are investigating her after she appeared in a video remind servicemembers that they can violate illegal orders. The inquiry came from the office of Jeanine Pirro, the US Attorney for Washington DC.",,Norm Violation,
,1/14/2026,Three more Democratic lawmakers say federal prosecutors are investigating them over a video. - NYT,"Jaffe, Greg. ""Three more Democratic lawmakers say federal prosecutors are investigating them over a video."" The New York Times, 14 January 2026. https://www.nytimes.com/2026/01/14/us/politics/crow-goodlander-houlahan-trump-investigation.html?smid=url-share",The effort to target political adversaries is part of an unprecedent campaign of retribution.,"Four Democratic lawmakers, Jason Crow, Maggie Goodlander, Chris DeLuzio, and Chrissy Houlahon, said they are subjects of investigation by US Attorney Jeanine Pirro. The investigation centers on a video where several lawmakers reminded servicemember that they could disobey illegal orders. ",,Norm Violation,
,1/16/2026,Trump Administration Begins Criminal Inquiry Into Minnesota Leaders - NYT,"Thrush, Glenn, et. al. ""Trump Administration Begins Criminal Inquiry Into Minnesota Leaders."" The New York Times, 16 January 2026. https://www.nytimes.com/2026/01/16/us/politics/tim-walz-jacob-frey-investigation-trump.html","The investigation targets two vocal critics of the President, including Kamala Harris's former runningmate. The investigation appears to continue the Trump administration's unprecedent retribution campaign against vocal critics. ","The Justice Department has opened a criminal investigation into Minnesota's elected Democrats, including Governor Walz and Minneapolis Mayor Frey. The investigation focuses on allegations that the leaders conspired to impede federal agents. The investigation comes after an ICE Agent shot and killed a woman in Minneapolis.",,Norm Violation,
,1/21/2026,Trump says individuals will soon be prosecuted for 2020 election - Politico,"Daniels, Cheyanne. ""Trump says individuals will soon be prosecuted for 2020 election."" Politico, 21 January 2026. https://www.politico.com/news/2026/01/21/trump-2020-election-prosecutions-00738778","Prosecuting individuals over the President's false claims of election fraud would punish Trump opponents for defeating him in an election, a clear blow for democracy.",President Donald Trump said that individuals will soon be prosecuted over the 2020 election. It was not clear who would face prosecution or for what crimes. Trump has falsely claimed that he won the 2020 Presidential election. ,,Norm Violation,
,1/21/2026,Investigations and a Billion-Dollar ‘Shakedown’: How Trump Targeted Higher Education - NYT,"Bender, Michael C, et. al. ""Investigations and a Billion-Dollar ‘Shakedown’: How Trump Targeted Higher Education."" The New York Times, 21 January 2026. https://www.nytimes.com/2026/01/21/us/politics/trump-higher-education-2025.html?smid=url-share","The effort is part of the Trump Administration's unprecedented campaign against dissent. The effort to target higher education can suppress vocal pockets of dissent, which often resist authoritarian efforts. Some steps were found unlawful by federal courts. ","Using federal civil rights investigations and revoking funding, the Trump Administration has targeted higher education. Investigations have centered on blue-state universities or elite colleges and universities. Many have settled, while others have changed policy to prevent being targeted. The investigation involved several norm-breaking steps, like proceeding a formal inquiry before conducting a normal fact-finding effort.  ",,Unlawful,
,1/22/2026,Trump budget office orders review of funds to Democratic-controlled states - WaPO,"Bogage, Jacob. ""Trump budget office orders review of funds to Democratic-controlled states."" The Washington Post, 22 January 2026. https://www.washingtonpost.com/business/2026/01/22/democratic-states-federal-funding-review/",The effort to investigate only Democratic-controlled states appears to be an effort to punish dissenting local governments. ,"The White House Office of Management and Budget ordered all federal agencies, excluding the Defense and Veterans Affairs Departments, to report every grant, loan, contract, and other monetary awards to 14 Democratic-controlled states and Washington DC. The order does not involved withholding funds.",,Norm Violation,
,1/30/2026,Don Lemon Released Without Bond Over Minnesota Protest Charge - NYT,"Aleaziz, Hamed et. al. ""Don Lemon Released Without Bond Over Minnesota Protest Charge."" The New York Times, 30 January 2026. https://www.nytimes.com/2026/01/30/us/don-lemon-arrest-minnesota-church-protest.html","The prosecution is an attempt to punish journalists for covering topics unfavorable to the President and is a rare prosecution against journalists for their work. While this has not officially been found unconstitutional, it certainly violates democratic norms regarding press freedom. ","Independent journalist Don Lemon and three other people were arrested on federal charges of a conspiracy deprive the congregants of a church of their rights and interfering with religious freedom in a house of worship. The indictments are related to a protest against a pastor at a Minneapolis Church and named nine people, seven protesters, and two journalists. A Minnesota magistrate initially rejected charges against four of the seven people, including the charges against Lemon. A federal district court declined to overrule the decision, so prosecutors received approval from a grand jury.",,Norm Violation,
,1/15/2026,Video Analysis of ICE Shooting Sheds Light on Contested Moments - NYT," ""Video Analysis of ICE Shooting Sheds Light on Contested Moments."" The New York Times, 15 January 2026. https://www.nytimes.com/2026/01/15/video/ice-shooting-renee-good-minneapolis-videos.html?smid=url-share","The video footage contradicts the account of President Trump and his administration, which accused Good of weaponizing her vehicle. The shooting represents an act of brutality by federal forces and could be considered an attempt to punish dissent towards ICE Operations. ","Video footage of the shooting of Renée Good shows that Johnathon Ross, the agent who shot Good, was not hit by her car. It also shows him placing himself in a dangerous position near her car. ",,Norm Violation,
,1/24/2026,Man shot dead by federal immigration officers in Minneapolis - NPR,"Thompson, Cheryl. ""Man shot dead by federal immigration officers in Minneapolis."" NPR, 24 January 2026. https://www.npr.org/2026/01/24/nx-s1-5687276/man-shot-dead-minneapolis","The shooting represents another act of brutality by federal immigration officers in what could be considered an attempt to punish public dissent towards ICE Operations. While the law surrounding shootings by federal officers is complicated and this shooting may not be considered unlawful, it is certainly a violation of norms surrounding the purpose, deployment, and use of force by federal immigration officers.","Alex Pretti, 37, was shot and killed by federal immigration officers. A bystander video shows federal agents surrounding a man on the ground, trying to punch and restrain him before an agent shoots him. From the initial video, it is unclear if he brandished or tried to use a firearm. Border Patrol Chief Gregory Bovino said agents attempted to disarm a man who approached federal agents with a hangun, before he violently resisted and agents shot him in self defense. ",,Norm Violation,
,2/10/2026,D.C. grand jury declines to indict six Democratic lawmakers - WaPo,"Stein, Perry, and Salvador Rizzo. ""D.C. grand jury declines to indict six Democratic lawmakers."" The Washington Post, 10 February 2026. https://www.washingtonpost.com/national-security/2026/02/10/dc-grand-jury-kelly-slotkin-pirro/","Although rejected, the attempted indictment shows the administration's unprecedent and norm-breaking effort to target political enemies through legal actions. The indictment demonstrates an independent judiciary. ","A federal grand jury declined to indict six Democratic lawmakers who released a video that advised current military members to reject ""illegal orders."" ",,Norm Violation,
,2/24/2026,Justice Department Sues University of California Over Antisemitism - NYT,"Blinder, Alan, et al. ""Justice Department Sues University of California Over Antisemitism."" The New York Times, 24 February 2026. https://www.nytimes.com/2026/02/24/us/justice-department-ucla-lawsuit.html",The lawsuit represents a continuation of the administration's attempt to silence dissent in academia. ,The Trump Administration sued the University of California for endemic antisemitism on its Los Angeles Campus that they argue compromised the civil rights of Jewish students. The suit comes after the Justice Department sought policy concessions and over $1 billion from the University. ,,Norm Violation,
,2/27/2026, ‘Horrifying’: Hollywood blasts Trump’s role in studio sale - Politico,"Miller, Daniel. ""Horrifying’: Hollywood blasts Trump’s role in studio sale."" Politico, 27 February 2026. https://www.politico.com/news/2026/02/27/horrifying-hollywood-blasts-trumps-role-in-studio-sale-00802771","Although the effects remain unclear in the Warner Bros. Discovery deal, President Trump has consistently attempted to influence Hollywood and Corporate media. This poses danger to the credibility of the news media ecosystem, which is important to a functioning democracy.","Some entertainment executives and democratic politicians worry that President Trump interfered in the Warner Bros. Discovery Sale. Paramount Skydance, run by CEO Larry Ellison, agreed to purchase Warner Bros. Discovery after Netflix backed out of the bidding war. Larry Ellison has ties to Trump, while Donald Trump demanded last week that Netflix fire former Democratic national security advisor Susan Rice or ""pay the consequences."" ",,Norm Violation,
,3/10/2026,Justice Department leans on prosecutors in Brennan probe as other Trump-foe investigations fizzle - CNN,"Polantz, Katelyn et al., ""Justice Department leans on prosecutors in Brennan probe as other Trump-foe investigations fizzle."" CNN, 10 March 2026. https://www.cnn.com/2026/03/10/politics/brennan-trump-political-foe-prosecution","The pressure to indicted John Brennan shows the erosion of longstanding democratic norms within US Government and the Department of Justice, mainly the principles of apolitical rule of law and the separation between White House and DOJ. ","Top Justice Department Officials are pressuring prosecutors to bring charges against former CIA Director John Brennan, relating to testimony he gave to Congress in 2023 and the Russia investigation. The pressure comes after President Trump called Brennan and others part of ""Obama's Russia HOAX Treason Club.""",,Norm Violation,
,5/31/2026,Here Are the Adversaries Trump Has Threatened and Prosecuted - WSJ,"Wheeler, Lydia, and Drew An-Pham. ""Here Are the Adversaries Trump Has Threatened and Prosecuted."" The Wall Street Journal, 31 May 2026. https://www.wsj.com/politics/policy/trump-prosecutions-visual-guide-ef488d01?mod=law_more_article_pos6 ",Donald Trump's campaign of retribution is an unprecedented attempt to leverage the US Government against political enemies in a way that harms democratic norms of freedom of dissent and an apolitical justice system. It may also violate the Constitution. ,"Since taking office, the Trump administration has threatened, investigated, and prosecuted several of President Trump's perceived political enemies. This article lists and classifies the people who have been targeted by the second Trump administration. ",,Norm Violation,
,3/22/2026, Trump’s voter crackdown reaches college campuses - Politico,"Quilantan, Bianca. ""Trump’s voter crackdown reaches college campuses."" Politico, 22 March 2026. https://www.politico.com/news/2026/03/22/trumps-voter-crackdown-reaches-college-campuses-00837068","Critics argue that the Trump administration's policies are an effort to suppress youth voting. High voter turnout is important for safeguarding vertical accountability, an important democratic norm.   ","In a newly released guidance, the Trump administration barred colleges from using a federal program that employs low-income students to register voters. The Trump administration also threatened to investigate schools if they use data from a non-partisan study to help boost turnout.",,Norm Violation,
,1/15/2026,Journalists confront new reality in reporting after FBI raid - WaPo ,"Ellison, Sarah, Patrick Marley, Coby Itkowitz. ""Journalists confront new reality in reporting after FBI raid."" The Washington Post, 15 January 2026. https://www.washingtonpost.com/politics/2026/01/15/fbi-search-reporters-reactions/","Law enforcement rarely conducts searches of journalists' homes, and federal regulations are designed to make it difficult to use aggressive tacticts to obtain the identities of journalists' sources. The Washington Post characterized this as an unusual step that could risk journalistic freedom. ","FBI Agents searched the home of a Washington Post reporter, Hannah Natanson, as part of an investigation into a government contractor accused of illegally retaining classified information. The Washington Post also received a subpoena. Investigators told Natanson that she is not the focus of the probe. ",,Norm Violation,
,3/20/2026,Trump Administration Sues Harvard Over Antisemitism Allegations - WSJ,"Gurman, Sadie, and Douglas Belkin. ""Trump Administration Sues Harvard Over Antisemitism Allegations."" The Wall Street Journal, 20 March 2026. https://www.wsj.com/us-news/education/trump-harvard-lawsuit-civil-rights-jewish-e3326b0b?mod=education_news_article_pos1","Since taking office, the Trump administration has taken several steps against Harvard and other elite universities. Critics argue that this is an unprecedented effort to punish left-leaning universities and increase government control over higher education. Academic independence is an important democratic norm. ","The Trump administration filed a lawsuit against Harvard, alleging that it violated the civil rights of Jewish students by ignoring hostility on campus and refusing to enforce anti-harassment rules. The suit seeks to force Harvard to comply with civil rights law and recover millions of taxpayer dollars that Harvard accepted. ",,Norm Violation,
,3/23/2026,Pentagon adopts new press restrictions after court order against previous limits - Reuters,"Singh, Kanishka, and Ismail Shakil. ""Pentagon adopts new press restrictions after court order against previous limits."" Reuters, 23 March 2026. ",Press freedom activists argue that the new policy violates the previous court ruling. ,"After a court blocked its previous press access policy, the Pentagon implemented a new policy that would require journalists to be escorted at all times by authorized Defense Department personnel. The Department also shut down the journalist's traditional workplace and will establish a new one on the ground outside the main building. ",,Unlawful,
,3/24/2026,Prosecutor admits government lacks evidence of misconduct by Fed chair - WaPo,"Rizzo, Salvador, and Andrew Ackerman. ""Prosecutor admits government lacks evidence of misconduct by Fed chair."" The Washington Post, 24 March 2026. https://www.washingtonpost.com/national-security/2026/03/24/powell-fed-chair-subpoena-prosecutor/",Judge Boasberg found that the grand-jury subpeonas were an unlawful attempt to undermine the independece of the Federal Reserve. ,"In a closed-door hearing about the legality of two grand jury subpoenas, G.A. Massuco-LaTaif, the Chief of the Criminal Division of the US Attorney's Office in DC, acknowledged that the Justice Department did not yet have evidence of wrongdoing in its criminal investigation of the Federal Reserve over the cost of its building renovations. Judge Boasberg, who presided over the hearing, found the subpoenas to be an illegal effort by the Trump administration to pressure Fed Chair Jerome Powell. ",,Unlawful,
,6/14/2026,Kash Patel Keeps Suing the Press - NYT,"Wemple, Erik. ""Kash Patel Keeps Suing the Press."" The New York Times, 14 June 2026. https://www.nytimes.com/2026/06/14/business/media/kash-patel-defamation-lawsuits.html",Legal experts cited in the article maintain that public officials suing news outlets for defamation or libel is unprecedented in modern American democracy and makes it difficult and costly for news outlets to publish unfavorable reporting on public officials. ,"Since 2019, now FBI Director Kash Patel has sued various new outlets, objecting to their unfavorable reporting. Several lawsuits have been filed since he took office as FBI Director. Patel has not yet reached a settlement or favorable jury verdict in any of the cases.",,Norm Violation,
,6/17/2026,"DOJ charges 15 in Minnesota with conspiracy to block ICE, claims antifa ties - WaPo","Hennessy-Fiske, Molly. ""DOJ charges 15 in Minnesota with conspiracy to block ICE, claims antifa ties."" The Washington Post, 17 June 2026. https://www.washingtonpost.com/nation/2026/06/16/doj-charges-15-minnesotans-with-conspiracy-block-ice-claims-antifa-ties/","Carl Tobias, a law professor in the article, believes the case to be pretty thin and could potentially threaten First Amendment protections of free speech. ","Federal prosecutors in Minnesota announced charges against 15 people in Minneapolis for ""conspiring to impede or injure federal officers."" Five of the 15 were charged with additional offenses. The allegations stem from activity during the Trump administration's immigration operations in Minneapolis this year. ",,Social Contradiction,
,4/6/2026,Trump threatens to jail reporters if they don’t turn over Iran source - WaPo,"Nover, Scott. ""Trump threatens to jail reporters if they don’t turn over Iran source."" The Washington Post, 6 April 2026. https://www.washingtonpost.com/business/2026/04/06/trump-leak-missing-pilot-jail-threat-media/","Although it is unclear if substantive action has been taken against the outlet, the President's comments seem to violate democratic norms regarding respect for a free press. A free press is a fundamental civil society actor in a functioning democracy.","During a press briefing, President Trump threatened to force a news organization to turn over the name of an anonymous source under the penalty of imprisonment: ""So whoever it was, we think we’ll be able to find it out because we’re going to go to the media company that released it, and we’re going to say, national security, give it up or go to jail.” The President did not say which outlet he was referring to. ",,Norm Violation,
,4/22/2026,F.B.I. Said to Have Investigated Times Reporter After Article on Patel’s Girlfriend - NYT,"Schmidt, Michael S. ""F.B.I. Said to Have Investigated Times Reporter After Article on Patel’s Girlfriend."" The New York Times, 22 April 2026. https://www.nytimes.com/2026/04/22/us/politics/fbi-times-reporter.html","According to the article, some Department of Justice officials saw the inquiry as retaliation against the report and lacking a legal basis. Investigating reporters to intimidate them from writing unfriendly articles would violate democratic norms regarding freedom and respect for the Press.  ","The FBI began investigating Elizabeth Williamson, a New York Times reporter who wrote an article about Kash Patel using FBI personnel for his girlfriend's security and transportation. Agents interviewed Patel's girlfriend and queried databases for information on the reporter, and recommended further efforts to determine whether Williamson broke federal stalking laws. The FBI told the Times that they were not pursuing a case.",,Norm Violation,
,4/28/2026,James Comey Is Charged With Threatening Trump in Seashell Photo - WSJ,"Gurman, Sadie and C. Ryan Barber. ""James Comey Is Charged With Threatening Trump in Seashell Photo."" The Wall Street Journal, 28 April 2026. https://www.wsj.com/us-news/law/justice-department-secures-a-new-indictment-against-james-comey-49a382f6","The indictment is part of an unprecedented effort to target political adversaries and may violate the US Consitution's protections on free speech and equal protection under the law. At the very least, it violates democratic norms against attempting to ensure an apolitical justice system. ","The Department of Justice indicted former FBI Director James Comey with making a threat against President Trump and transmitting an interstate communication threatening to kill him. The charges stem from a picture Comey posted on Instagram showing seashells arranged in numbers ""86 47."" ",,Norm Violation,
,4/24/2026,The ‘Lasting Damage’ of Pirro’s Abandoned Fed Investigation - NYT,"Smith, Colby, and Tony Romm. ""The ‘Lasting Damage’ of Pirro’s Abandoned Fed Investigation."" The New York Times, 24 April 2026. https://www.nytimes.com/2026/04/24/us/politics/federal-reserve-powell-pirro-investigation.html","President Trump has attempted to expand his power by pressuring the Federal Reserve, attempting to weaponize the criminal justice system and compromizing its apolitical nature.  ","President Trump has undertaken an effort to pressure the Federal Reserve since taking office, including a criminal investigation into the Reserve and its chair, Jerome Powell, and efforts to oust Fed Governor Lisa Cook. US Attorney for the District of Columbia Jeanine Pirro dropped the criminal investigation, but confidence in the Fed's independence remains shaken. ",,Norm Violation,
,5/5/2026,"U.S. agency sues New York Times, accusing it of bias against White male employee - WaPo","Nover, Scott. ""U.S. agency sues New York Times, accusing it of bias against White male employee."" The Washington Post, 5 May 2026. https://www.washingtonpost.com/business/2026/05/05/eeoc-lawsuit-nytimes-discrimination/","The New York Times has previously reported that staffers at the EEOC are under pressure to bring cases in furtherance of Trump's political agenda. Since taking office, President Trump has sued the New York Times himself and taken other actions to harm journalistic freedom. This lawsuit has questionable motives and may be a part of a larger campaign to pressure journalists. ","The Equal Employment Opportunity Commission sued the New York Times, alleging that it violated federal law by passing over a white male for a promotion. The lawsuit argues that the news organization violated Title VII of the Civil Rights Act of 1964 and Title I of the Civil Rights Act of 1991. ",,Norms Violation,
,6/23/2026,"DOJ issued subpoenas to force Post, WSJ reporters to testify before grand jury - WaPo","Stein, Perry. ""DOJ issued subpoenas to force Post, WSJ reporters to testify before grand jury."" The Washington Post, 23 June 2026. https://www.washingtonpost.com/national-security/2026/06/23/doj-issued-then-withdrew-subpoenas-force-post-wsj-reporters-testify/","A news organization successfully challenged the subpoenas. Journalists rarely testify in legal proceedings. While it is not entirely unprecedented for journalists to testify, the number of subpoenas sought against journalists by the second Trump administration is notable. ","The Justice Department sought subpoenas for Washington Post reporter Ellen Nakashima and three Wall Street Journal reporters, but withdrew the subpoenas after they were challenged by the news organizations. The subpoenas were related to national security matters.  ",,Norms Violation,
,5/27/2026,Justice Dept. Is Said to Open Criminal Inquiry of E. Jean Carroll Over Trump Lawsuits - NYT,"Thrush, Glenn and Benjamin Weiser. ""Justice Dept. Is Said to Open Criminal Inquiry of E. Jean Carroll Over Trump Lawsuits."" The New York Times, 27 May 2026. https://www.nytimes.com/2026/05/27/us/politics/criminal-inquiry-e-jean-carroll-trump-accusations.html","As the article discusses, this appears to be the next chapter of Trump's retributive campaign, which has seen investigations of many high-profile Trump critics. No modern administration has pursued this aggressive a legal campaign against critics, and the campaign threatens to stifle dissent among civil society. ","According to two anonymous sources, the Justice Department has opened a criminal investigation into E. Jean Carroll, a former magazine writer who won a $5 million civil judgment against President Trump for sexually abusing her and defaming her. The investigation was reportedly opened by Andrew S. Boutros, the US Attorney for the Northern District of Illinois. ",,Norms Violation,
,5/28/2026,DOJ probes Democratic-allied nonprofit that helped pay E. Jean Carroll’s legal bills - WaPo,"Stein, Perry. ""DOJ probes Democratic-allied nonprofit that helped pay E. Jean Carroll’s legal bills."" The Washington Post, 28 May 2026. https://www.washingtonpost.com/national-security/2026/05/28/doj-probes-reid-hoffmans-nonprofit-funding-e-jean-carrolls-legal-bills/","As the article writes, the Justice Department has investigated many of Trump's political and personal critics, diminishing the Department's longstanding independence and hurting the capacity of civil society to dissent. ","The Department of Justice has launched a criminal probe into a Chicago-based nonprofit over its payment of legal bills of E. Jean Carroll, a magazine writer who accused President Trump of sexual abuse and won a $5 million civil judgment against him. The investigation stems from a 2022 deposition, where Carroll testified that outsider funders were not helping her bring the lawsuit, when it later became public that the nonprofit American Future Republic had paid some of her legal bills. In 2024, a panel of appellate judges ruled that it was plausibel she had forgotten the funding when she testified. ",,Norms Violation,
,6/26/2026,Yale Seeks Trump Administration Deal as It Faces Sprawling Investigation - NYT,"Schmidt, Michael S. et al. ""Yale Seeks Trump Administration Deal as It Faces Sprawling Investigation."" The New York Times, 26 June 2026. https://www.nytimes.com/2026/06/26/us/politics/yale-trump-administration-admissions-race.html","As the article adds, the investigation and potential settlement are part of the Trump administration's pressure campaign against elite universities. Higher-education institutions serve an integral role in democracy by serving as grounds for political discourse and historical recordkeeping. Their independence has long been respected in America, and a settlement is noteworthy.  ",Yale University is reportedly pursuing a settlement with the US Government over the Trump administration's investigation into whether Yale University's admissions practices violate anti-discrimination laws. The Justice Department accused Yale Medical School of illegally giving preferential treatment to Black and Hispanic applicants. Sources say Yale has offered a potential agreement to the government. ,,Norms Violation,